{
  "scaler_center": [
    0.8463920098898641,
    0.843369,
    0.819546,
    0.6989489999999999,
    0.407867,
    -0.739731,
    0.25704011111111114,
    -0.4267991999999999,
    -1.1062644601443463,
    0.8283513183197247,
    1.1676257945671067,
    1.2072976327215106,
    154.40684679125812,
    155.4649568037887,
    155.26413036075817,
    135.02852079971666,
    0.4536217868018188,
    0.5545237050233467,
    0.337769223180792,
    0.09916125361362246,
    0.1778162977346193,
    0.21768360222286123,
    0.18974746759838454,
    0.43961377915847905,
    0.2320592137715565,
    0.44483875085023794,
    0.4254298675951184,
    0.5433092709693107,
    1.0467925837033503,
    0.598591609698762,
    0.3478869525028255,
    0.713917503537933,
    0.23326046710796408,
    1.2053288104655449,
    0.17164866991518637,
    0.5677678829657953,
    -0.6108873057523156,
    0.023972250000000084
  ],
  "scaler_scale": [
    0.040092500000000086,
    0.03887600002560121,
    0.041998680811579314,
    0.0415397741446335,
    0.025427184919028956,
    0.039956924793112414,
    0.021655711418904017,
    0.03409918536974743,
    0.07700301918163732,
    0.028106733465529277,
    0.02399659244725605,
    0.041090831976660525,
    4.655799866017446,
    4.660816115749043,
    3.39269145874178,
    7.051403723950983,
    0.03098075153119778,
    0.03779677540703774,
    0.024367338797829652,
    0.012849216272802527,
    0.01971065395449942,
    0.010036857070166938,
    0.022387442137934838,
    0.027871757756718074,
    0.02718932075448624,
    0.022168654286072842,
    0.03198453636897253,
    0.0316145756540368,
    0.08476319230773521,
    0.020747077562136784,
    0.02858288971305256,
    0.03612278884268827,
    0.014277348723588823,
    0.033274509277920306,
    0.028106733186785915,
    0.06049405364445015,
    0.052091410943890915,
    0.01937097363696811
  ],
  "scaler_type": "RobustScaler",
  "feature_names": [
    "face_width_top",
    "face_width_upper",
    "face_width_middle",
    "face_width_lower",
    "face_width_chin",
    "face_height_total",
    "face_height_upper",
    "face_height_lower",
    "width_height_ratio",
    "jaw_forehead_ratio",
    "cheek_jaw_ratio",
    "forehead_jaw_ratio",
    "left_jaw_angle",
    "right_jaw_angle",
    "avg_jaw_angle",
    "chin_angle",
    "forehead_width",
    "forehead_to_face_ratio",
    "left_eye_width",
    "right_eye_width",
    "eye_distance",
    "avg_eye_width",
    "nose_width",
    "nose_length",
    "nose_to_face_ratio",
    "mouth_width",
    "mouth_height",
    "mouth_to_face_ratio",
    "mouth_aspect_ratio",
    "symmetry_score",
    "upper_proportion",
    "lower_proportion",
    "jawline_curvature",
    "cheekbone_prominence",
    "face_tapering",
    "upper_face_aspect",
    "lower_face_aspect",
    "nose_mouth_distance"
  ],
  "input_features": 38,
  "classes": [
    "Diamond",
    "Heart",
    "Oblong",
    "Oval",
    "Round",
    "Square",
    "Triangle"
  ],
  "num_classes": 7,
  "model_type": "geometric_features_only",
  "model_version": "1.0"
}